Name,SPDXID,Version,DownloadLocation,License
"@aws-crypto/crc32","SPDXRef-Package-aws-crypto.crc32-5.2.0","5.2.0","https://registry.npmjs.org/@aws-crypto/crc32/-/crc32-5.2.0.tgz","Apache-2.0"
"@aws-crypto/crc32c","SPDXRef-Package-aws-crypto.crc32c-5.2.0","5.2.0","https://registry.npmjs.org/@aws-crypto/crc32c/-/crc32c-5.2.0.tgz","Apache-2.0"
"@aws-crypto/sha1-browser","SPDXRef-Package-aws-crypto.sha1-browser-5.2.0","5.2.0","https://registry.npmjs.org/@aws-crypto/sha1-browser/-/sha1-browser-5.2.0.tgz","Apache-2.0"
"@aws-crypto/sha256-browser","SPDXRef-Package-aws-crypto.sha256-browser-5.2.0","5.2.0","https://registry.npmjs.org/@aws-crypto/sha256-browser/-/sha256-browser-5.2.0.tgz","Apache-2.0"
"@aws-crypto/sha256-js","SPDXRef-Package-aws-crypto.sha256-js-5.2.0","5.2.0","https://registry.npmjs.org/@aws-crypto/sha256-js/-/sha256-js-5.2.0.tgz","Apache-2.0"
"@aws-crypto/supports-web-crypto","SPDXRef-Package-aws-crypto.supports-web-crypto-5.2.0","5.2.0","https://registry.npmjs.org/@aws-crypto/supports-web-crypto/-/supports-web-crypto-5.2.0.tgz","Apache-2.0"
"@aws-crypto/util","SPDXRef-Package-aws-crypto.util-5.2.0","5.2.0","https://registry.npmjs.org/@aws-crypto/util/-/util-5.2.0.tgz","Apache-2.0"
"@aws-sdk/client-cloudcontrol","SPDXRef-Package-aws-sdk.client-cloudcontrol-3.1014.0","3.1014.0","https://registry.npmjs.org/@aws-sdk/client-cloudcontrol/-/client-cloudcontrol-3.1014.0.tgz","Apache-2.0"
"@aws-sdk/client-cloudformation","SPDXRef-Package-aws-sdk.client-cloudformation-3.1014.0","3.1014.0","https://registry.npmjs.org/@aws-sdk/client-cloudformation/-/client-cloudformation-3.1014.0.tgz","Apache-2.0"
"@aws-sdk/client-iam","SPDXRef-Package-aws-sdk.client-iam-3.1014.0","3.1014.0","https://registry.npmjs.org/@aws-sdk/client-iam/-/client-iam-3.1014.0.tgz","Apache-2.0"
"@aws-sdk/client-s3","SPDXRef-Package-aws-sdk.client-s3-3.1014.0","3.1014.0","https://registry.npmjs.org/@aws-sdk/client-s3/-/client-s3-3.1014.0.tgz","Apache-2.0"
"@aws-sdk/client-sts","SPDXRef-Package-aws-sdk.client-sts-3.1014.0","3.1014.0","https://registry.npmjs.org/@aws-sdk/client-sts/-/client-sts-3.1014.0.tgz","Apache-2.0"
"@aws-sdk/core","SPDXRef-Package-aws-sdk.core-3.973.24","3.973.24","https://registry.npmjs.org/@aws-sdk/core/-/core-3.973.24.tgz","Apache-2.0"
"@aws-sdk/crc64-nvme","SPDXRef-Package-aws-sdk.crc64-nvme-3.972.5","3.972.5","https://registry.npmjs.org/@aws-sdk/crc64-nvme/-/crc64-nvme-3.972.5.tgz","Apache-2.0"
"@aws-sdk/credential-provider-env","SPDXRef-Package-aws-sdk.credential-provider-env-3.972.22","3.972.22","https://registry.npmjs.org/@aws-sdk/credential-provider-env/-/credential-provider-env-3.972.22.tgz","Apache-2.0"
"@aws-sdk/credential-provider-http","SPDXRef-Package-aws-sdk.credential-provider-http-3.972.24","3.972.24","https://registry.npmjs.org/@aws-sdk/credential-provider-http/-/credential-provider-http-3.972.24.tgz","Apache-2.0"
"@aws-sdk/credential-provider-ini","SPDXRef-Package-aws-sdk.credential-provider-ini-3.972.24","3.972.24","https://registry.npmjs.org/@aws-sdk/credential-provider-ini/-/credential-provider-ini-3.972.24.tgz","Apache-2.0"
"@aws-sdk/credential-provider-login","SPDXRef-Package-aws-sdk.credential-provider-login-3.972.24","3.972.24","https://registry.npmjs.org/@aws-sdk/credential-provider-login/-/credential-provider-login-3.972.24.tgz","Apache-2.0"
"@aws-sdk/credential-provider-node","SPDXRef-Package-aws-sdk.credential-provider-node-3.972.24","3.972.24","https://registry.npmjs.org/@aws-sdk/credential-provider-node/-/credential-provider-node-3.972.24.tgz","Apache-2.0"
"@aws-sdk/credential-provider-process","SPDXRef-Package-aws-sdk.credential-provider-process-3.972.22","3.972.22","https://registry.npmjs.org/@aws-sdk/credential-provider-process/-/credential-provider-process-3.972.22.tgz","Apache-2.0"
"@aws-sdk/credential-provider-sso","SPDXRef-Package-aws-sdk.credential-provider-sso-3.972.24","3.972.24","https://registry.npmjs.org/@aws-sdk/credential-provider-sso/-/credential-provider-sso-3.972.24.tgz","Apache-2.0"
"@aws-sdk/credential-provider-web-identity","SPDXRef-Package-aws-sdk.credential-provider-web-identity-3.972.24","3.972.24","https://registry.npmjs.org/@aws-sdk/credential-provider-web-identity/-/credential-provider-web-identity-3.972.24.tgz","Apache-2.0"
"@aws-sdk/middleware-bucket-endpoint","SPDXRef-Package-aws-sdk.middleware-bucket-endpoint-3.972.8","3.972.8","https://registry.npmjs.org/@aws-sdk/middleware-bucket-endpoint/-/middleware-bucket-endpoint-3.972.8.tgz","Apache-2.0"
"@aws-sdk/middleware-expect-continue","SPDXRef-Package-aws-sdk.middleware-expect-continue-3.972.8","3.972.8","https://registry.npmjs.org/@aws-sdk/middleware-expect-continue/-/middleware-expect-continue-3.972.8.tgz","Apache-2.0"
"@aws-sdk/middleware-flexible-checksums","SPDXRef-Package-aws-sdk.middleware-flexible-checksums-3.974.4","3.974.4","https://registry.npmjs.org/@aws-sdk/middleware-flexible-checksums/-/middleware-flexible-checksums-3.974.4.tgz","Apache-2.0"
"@aws-sdk/middleware-host-header","SPDXRef-Package-aws-sdk.middleware-host-header-3.972.8","3.972.8","https://registry.npmjs.org/@aws-sdk/middleware-host-header/-/middleware-host-header-3.972.8.tgz","Apache-2.0"
"@aws-sdk/middleware-location-constraint","SPDXRef-Package-aws-sdk.middleware-location-constraint-3.972.8","3.972.8","https://registry.npmjs.org/@aws-sdk/middleware-location-constraint/-/middleware-location-constraint-3.972.8.tgz","Apache-2.0"
"@aws-sdk/middleware-logger","SPDXRef-Package-aws-sdk.middleware-logger-3.972.8","3.972.8","https://registry.npmjs.org/@aws-sdk/middleware-logger/-/middleware-logger-3.972.8.tgz","Apache-2.0"
"@aws-sdk/middleware-recursion-detection","SPDXRef-Package-aws-sdk.middleware-recursion-detection-3.972.8","3.972.8","https://registry.npmjs.org/@aws-sdk/middleware-recursion-detection/-/middleware-recursion-detection-3.972.8.tgz","Apache-2.0"
"@aws-sdk/middleware-sdk-s3","SPDXRef-Package-aws-sdk.middleware-sdk-s3-3.972.24","3.972.24","https://registry.npmjs.org/@aws-sdk/middleware-sdk-s3/-/middleware-sdk-s3-3.972.24.tgz","Apache-2.0"
"@aws-sdk/middleware-ssec","SPDXRef-Package-aws-sdk.middleware-ssec-3.972.8","3.972.8","https://registry.npmjs.org/@aws-sdk/middleware-ssec/-/middleware-ssec-3.972.8.tgz","Apache-2.0"
"@aws-sdk/middleware-user-agent","SPDXRef-Package-aws-sdk.middleware-user-agent-3.972.25","3.972.25","https://registry.npmjs.org/@aws-sdk/middleware-user-agent/-/middleware-user-agent-3.972.25.tgz","Apache-2.0"
"@aws-sdk/nested-clients","SPDXRef-Package-aws-sdk.nested-clients-3.996.14","3.996.14","https://registry.npmjs.org/@aws-sdk/nested-clients/-/nested-clients-3.996.14.tgz","Apache-2.0"
"@aws-sdk/region-config-resolver","SPDXRef-Package-aws-sdk.region-config-resolver-3.972.9","3.972.9","https://registry.npmjs.org/@aws-sdk/region-config-resolver/-/region-config-resolver-3.972.9.tgz","Apache-2.0"
"@aws-sdk/signature-v4-multi-region","SPDXRef-Package-aws-sdk.signature-v4-multi-region-3.996.12","3.996.12","https://registry.npmjs.org/@aws-sdk/signature-v4-multi-region/-/signature-v4-multi-region-3.996.12.tgz","Apache-2.0"
"@aws-sdk/token-providers","SPDXRef-Package-aws-sdk.token-providers-3.1015.0","3.1015.0","https://registry.npmjs.org/@aws-sdk/token-providers/-/token-providers-3.1015.0.tgz","Apache-2.0"
"@aws-sdk/util-arn-parser","SPDXRef-Package-aws-sdk.util-arn-parser-3.972.3","3.972.3","https://registry.npmjs.org/@aws-sdk/util-arn-parser/-/util-arn-parser-3.972.3.tgz","Apache-2.0"
"@aws-sdk/util-endpoints","SPDXRef-Package-aws-sdk.util-endpoints-3.996.5","3.996.5","https://registry.npmjs.org/@aws-sdk/util-endpoints/-/util-endpoints-3.996.5.tgz","Apache-2.0"
"@aws-sdk/util-locate-window","SPDXRef-Package-aws-sdk.util-locate-window-3.965.5","3.965.5","https://registry.npmjs.org/@aws-sdk/util-locate-window/-/util-locate-window-3.965.5.tgz","Apache-2.0"
"@aws-sdk/util-user-agent-browser","SPDXRef-Package-aws-sdk.util-user-agent-browser-3.972.8","3.972.8","https://registry.npmjs.org/@aws-sdk/util-user-agent-browser/-/util-user-agent-browser-3.972.8.tgz","Apache-2.0"
"@aws-sdk/util-user-agent-node","SPDXRef-Package-aws-sdk.util-user-agent-node-3.973.11","3.973.11","https://registry.npmjs.org/@aws-sdk/util-user-agent-node/-/util-user-agent-node-3.973.11.tgz","Apache-2.0"
"@aws-sdk/xml-builder","SPDXRef-Package-aws-sdk.xml-builder-3.972.15","3.972.15","https://registry.npmjs.org/@aws-sdk/xml-builder/-/xml-builder-3.972.15.tgz","Apache-2.0"
"@aws/lambda-invoke-store","SPDXRef-Package-aws.lambda-invoke-store-0.2.4","0.2.4","https://registry.npmjs.org/@aws/lambda-invoke-store/-/lambda-invoke-store-0.2.4.tgz","Apache-2.0"
"@base2/pretty-print-object","SPDXRef-Package-base2.pretty-print-object-1.0.2","1.0.2","https://registry.npmjs.org/@base2/pretty-print-object/-/pretty-print-object-1.0.2.tgz","BSD-2-Clause"
"@emnapi/core","SPDXRef-Package-emnapi.core-1.9.1","1.9.1","https://registry.npmjs.org/@emnapi/core/-/core-1.9.1.tgz","MIT"
"@emnapi/runtime","SPDXRef-Package-emnapi.runtime-1.9.1","1.9.1","https://registry.npmjs.org/@emnapi/runtime/-/runtime-1.9.1.tgz","MIT"
"@emnapi/wasi-threads","SPDXRef-Package-emnapi.wasi-threads-1.2.0","1.2.0","https://registry.npmjs.org/@emnapi/wasi-threads/-/wasi-threads-1.2.0.tgz","MIT"
"@grpc/grpc-js","SPDXRef-Package-grpc.grpc-js-1.14.3","1.14.3","https://registry.npmjs.org/@grpc/grpc-js/-/grpc-js-1.14.3.tgz","Apache-2.0"
"@grpc/proto-loader","SPDXRef-Package-grpc.proto-loader-0.8.0","0.8.0","https://registry.npmjs.org/@grpc/proto-loader/-/proto-loader-0.8.0.tgz","Apache-2.0"
"@harperfast/extended-iterable","SPDXRef-Package-harperfast.extended-iterable-1.0.3","1.0.3","https://registry.npmjs.org/@harperfast/extended-iterable/-/extended-iterable-1.0.3.tgz","Apache-2.0"
"@isaacs/cliui","SPDXRef-Package-isaacs.cliui-8.0.2","8.0.2","https://registry.npmjs.org/@isaacs/cliui/-/cliui-8.0.2.tgz","ISC"
"@js-sdsl/ordered-map","SPDXRef-Package-js-sdsl.ordered-map-4.4.2","4.4.2","https://registry.npmjs.org/@js-sdsl/ordered-map/-/ordered-map-4.4.2.tgz","MIT"
"@lmdb/lmdb-darwin-arm64","SPDXRef-Package-lmdb.lmdb-darwin-arm64-3.5.2","3.5.2","https://registry.npmjs.org/@lmdb/lmdb-darwin-arm64/-/lmdb-darwin-arm64-3.5.2.tgz","MIT"
"@msgpackr-extract/msgpackr-extract-darwin-arm64","SPDXRef-Package-msgpackr-extract.msgpackr-extract-darwin-arm64-3.0.3","3.0.3","https://registry.npmjs.org/@msgpackr-extract/msgpackr-extract-darwin-arm64/-/msgpackr-extract-darwin-arm64-3.0.3.tgz","MIT"
"@opentelemetry/api-logs","SPDXRef-Package-opentelemetry.api-logs-0.203.0","0.203.0","https://registry.npmjs.org/@opentelemetry/api-logs/-/api-logs-0.203.0.tgz","Apache-2.0"
"@opentelemetry/auto-instrumentations-node","SPDXRef-Package-opentelemetry.auto-instrumentations-node-0.62.1","0.62.1","https://registry.npmjs.org/@opentelemetry/auto-instrumentations-node/-/auto-instrumentations-node-0.62.1.tgz","Apache-2.0"
"@opentelemetry/context-async-hooks","SPDXRef-Package-opentelemetry.context-async-hooks-2.0.1","2.0.1","https://registry.npmjs.org/@opentelemetry/context-async-hooks/-/context-async-hooks-2.0.1.tgz","Apache-2.0"
"@opentelemetry/core","SPDXRef-Package-opentelemetry.core-2.6.0","2.6.0","https://registry.npmjs.org/@opentelemetry/core/-/core-2.6.0.tgz","Apache-2.0"
"@opentelemetry/core","SPDXRef-Package-opentelemetry.core-2.0.1","2.0.1","https://registry.npmjs.org/@opentelemetry/core/-/core-2.0.1.tgz","Apache-2.0"
"@opentelemetry/exporter-logs-otlp-grpc","SPDXRef-Package-opentelemetry.exporter-logs-otlp-grpc-0.203.0","0.203.0","https://registry.npmjs.org/@opentelemetry/exporter-logs-otlp-grpc/-/exporter-logs-otlp-grpc-0.203.0.tgz","Apache-2.0"
"@opentelemetry/exporter-logs-otlp-http","SPDXRef-Package-opentelemetry.exporter-logs-otlp-http-0.203.0","0.203.0","https://registry.npmjs.org/@opentelemetry/exporter-logs-otlp-http/-/exporter-logs-otlp-http-0.203.0.tgz","Apache-2.0"
"@opentelemetry/exporter-logs-otlp-proto","SPDXRef-Package-opentelemetry.exporter-logs-otlp-proto-0.203.0","0.203.0","https://registry.npmjs.org/@opentelemetry/exporter-logs-otlp-proto/-/exporter-logs-otlp-proto-0.203.0.tgz","Apache-2.0"
"@opentelemetry/exporter-metrics-otlp-grpc","SPDXRef-Package-opentelemetry.exporter-metrics-otlp-grpc-0.203.0","0.203.0","https://registry.npmjs.org/@opentelemetry/exporter-metrics-otlp-grpc/-/exporter-metrics-otlp-grpc-0.203.0.tgz","Apache-2.0"
"@opentelemetry/exporter-metrics-otlp-http","SPDXRef-Package-opentelemetry.exporter-metrics-otlp-http-0.203.0","0.203.0","https://registry.npmjs.org/@opentelemetry/exporter-metrics-otlp-http/-/exporter-metrics-otlp-http-0.203.0.tgz","Apache-2.0"
"@opentelemetry/exporter-metrics-otlp-proto","SPDXRef-Package-opentelemetry.exporter-metrics-otlp-proto-0.203.0","0.203.0","https://registry.npmjs.org/@opentelemetry/exporter-metrics-otlp-proto/-/exporter-metrics-otlp-proto-0.203.0.tgz","Apache-2.0"
"@opentelemetry/exporter-prometheus","SPDXRef-Package-opentelemetry.exporter-prometheus-0.203.0","0.203.0","https://registry.npmjs.org/@opentelemetry/exporter-prometheus/-/exporter-prometheus-0.203.0.tgz","Apache-2.0"
"@opentelemetry/exporter-trace-otlp-grpc","SPDXRef-Package-opentelemetry.exporter-trace-otlp-grpc-0.203.0","0.203.0","https://registry.npmjs.org/@opentelemetry/exporter-trace-otlp-grpc/-/exporter-trace-otlp-grpc-0.203.0.tgz","Apache-2.0"
"@opentelemetry/exporter-trace-otlp-http","SPDXRef-Package-opentelemetry.exporter-trace-otlp-http-0.203.0","0.203.0","https://registry.npmjs.org/@opentelemetry/exporter-trace-otlp-http/-/exporter-trace-otlp-http-0.203.0.tgz","Apache-2.0"
"@opentelemetry/exporter-trace-otlp-proto","SPDXRef-Package-opentelemetry.exporter-trace-otlp-proto-0.203.0","0.203.0","https://registry.npmjs.org/@opentelemetry/exporter-trace-otlp-proto/-/exporter-trace-otlp-proto-0.203.0.tgz","Apache-2.0"
"@opentelemetry/exporter-zipkin","SPDXRef-Package-opentelemetry.exporter-zipkin-2.0.1","2.0.1","https://registry.npmjs.org/@opentelemetry/exporter-zipkin/-/exporter-zipkin-2.0.1.tgz","Apache-2.0"
"@opentelemetry/instrumentation","SPDXRef-Package-opentelemetry.instrumentation-0.203.0","0.203.0","https://registry.npmjs.org/@opentelemetry/instrumentation/-/instrumentation-0.203.0.tgz","Apache-2.0"
"@opentelemetry/instrumentation-amqplib","SPDXRef-Package-opentelemetry.instrumentation-amqplib-0.50.0","0.50.0","https://registry.npmjs.org/@opentelemetry/instrumentation-amqplib/-/instrumentation-amqplib-0.50.0.tgz","Apache-2.0"
"@opentelemetry/instrumentation-aws-lambda","SPDXRef-Package-opentelemetry.instrumentation-aws-lambda-0.54.1","0.54.1","https://registry.npmjs.org/@opentelemetry/instrumentation-aws-lambda/-/instrumentation-aws-lambda-0.54.1.tgz","Apache-2.0"
"@opentelemetry/instrumentation-aws-sdk","SPDXRef-Package-opentelemetry.instrumentation-aws-sdk-0.57.0","0.57.0","https://registry.npmjs.org/@opentelemetry/instrumentation-aws-sdk/-/instrumentation-aws-sdk-0.57.0.tgz","Apache-2.0"
"@opentelemetry/instrumentation-bunyan","SPDXRef-Package-opentelemetry.instrumentation-bunyan-0.49.0","0.49.0","https://registry.npmjs.org/@opentelemetry/instrumentation-bunyan/-/instrumentation-bunyan-0.49.0.tgz","Apache-2.0"
"@opentelemetry/instrumentation-cassandra-driver","SPDXRef-Package-opentelemetry.instrumentation-cassandra-driver-0.49.0","0.49.0","https://registry.npmjs.org/@opentelemetry/instrumentation-cassandra-driver/-/instrumentation-cassandra-driver-0.49.0.tgz","Apache-2.0"
"@opentelemetry/instrumentation-connect","SPDXRef-Package-opentelemetry.instrumentation-connect-0.47.0","0.47.0","https://registry.npmjs.org/@opentelemetry/instrumentation-connect/-/instrumentation-connect-0.47.0.tgz","Apache-2.0"
"@opentelemetry/instrumentation-cucumber","SPDXRef-Package-opentelemetry.instrumentation-cucumber-0.18.1","0.18.1","https://registry.npmjs.org/@opentelemetry/instrumentation-cucumber/-/instrumentation-cucumber-0.18.1.tgz","Apache-2.0"
"@opentelemetry/instrumentation-dataloader","SPDXRef-Package-opentelemetry.instrumentation-dataloader-0.21.1","0.21.1","https://registry.npmjs.org/@opentelemetry/instrumentation-dataloader/-/instrumentation-dataloader-0.21.1.tgz","Apache-2.0"
"@opentelemetry/instrumentation-dns","SPDXRef-Package-opentelemetry.instrumentation-dns-0.47.0","0.47.0","https://registry.npmjs.org/@opentelemetry/instrumentation-dns/-/instrumentation-dns-0.47.0.tgz","Apache-2.0"
"@opentelemetry/instrumentation-express","SPDXRef-Package-opentelemetry.instrumentation-express-0.52.0","0.52.0","https://registry.npmjs.org/@opentelemetry/instrumentation-express/-/instrumentation-express-0.52.0.tgz","Apache-2.0"
"@opentelemetry/instrumentation-fastify","SPDXRef-Package-opentelemetry.instrumentation-fastify-0.48.0","0.48.0","https://registry.npmjs.org/@opentelemetry/instrumentation-fastify/-/instrumentation-fastify-0.48.0.tgz","Apache-2.0"
"@opentelemetry/instrumentation-fs","SPDXRef-Package-opentelemetry.instrumentation-fs-0.23.0","0.23.0","https://registry.npmjs.org/@opentelemetry/instrumentation-fs/-/instrumentation-fs-0.23.0.tgz","Apache-2.0"
"@opentelemetry/instrumentation-generic-pool","SPDXRef-Package-opentelemetry.instrumentation-generic-pool-0.47.0","0.47.0","https://registry.npmjs.org/@opentelemetry/instrumentation-generic-pool/-/instrumentation-generic-pool-0.47.0.tgz","Apache-2.0"
"@opentelemetry/instrumentation-graphql","SPDXRef-Package-opentelemetry.instrumentation-graphql-0.51.0","0.51.0","https://registry.npmjs.org/@opentelemetry/instrumentation-graphql/-/instrumentation-graphql-0.51.0.tgz","Apache-2.0"
"@opentelemetry/instrumentation-grpc","SPDXRef-Package-opentelemetry.instrumentation-grpc-0.203.0","0.203.0","https://registry.npmjs.org/@opentelemetry/instrumentation-grpc/-/instrumentation-grpc-0.203.0.tgz","Apache-2.0"
"@opentelemetry/instrumentation-hapi","SPDXRef-Package-opentelemetry.instrumentation-hapi-0.50.0","0.50.0","https://registry.npmjs.org/@opentelemetry/instrumentation-hapi/-/instrumentation-hapi-0.50.0.tgz","Apache-2.0"
"@opentelemetry/instrumentation-http","SPDXRef-Package-opentelemetry.instrumentation-http-0.203.0","0.203.0","https://registry.npmjs.org/@opentelemetry/instrumentation-http/-/instrumentation-http-0.203.0.tgz","Apache-2.0"
"@opentelemetry/instrumentation-ioredis","SPDXRef-Package-opentelemetry.instrumentation-ioredis-0.51.0","0.51.0","https://registry.npmjs.org/@opentelemetry/instrumentation-ioredis/-/instrumentation-ioredis-0.51.0.tgz","Apache-2.0"
"@opentelemetry/instrumentation-kafkajs","SPDXRef-Package-opentelemetry.instrumentation-kafkajs-0.13.0","0.13.0","https://registry.npmjs.org/@opentelemetry/instrumentation-kafkajs/-/instrumentation-kafkajs-0.13.0.tgz","Apache-2.0"
"@opentelemetry/instrumentation-knex","SPDXRef-Package-opentelemetry.instrumentation-knex-0.48.0","0.48.0","https://registry.npmjs.org/@opentelemetry/instrumentation-knex/-/instrumentation-knex-0.48.0.tgz","Apache-2.0"
"@opentelemetry/instrumentation-koa","SPDXRef-Package-opentelemetry.instrumentation-koa-0.51.0","0.51.0","https://registry.npmjs.org/@opentelemetry/instrumentation-koa/-/instrumentation-koa-0.51.0.tgz","Apache-2.0"
"@opentelemetry/instrumentation-lru-memoizer","SPDXRef-Package-opentelemetry.instrumentation-lru-memoizer-0.48.0","0.48.0","https://registry.npmjs.org/@opentelemetry/instrumentation-lru-memoizer/-/instrumentation-lru-memoizer-0.48.0.tgz","Apache-2.0"
"@opentelemetry/instrumentation-memcached","SPDXRef-Package-opentelemetry.instrumentation-memcached-0.47.0","0.47.0","https://registry.npmjs.org/@opentelemetry/instrumentation-memcached/-/instrumentation-memcached-0.47.0.tgz","Apache-2.0"
"@opentelemetry/instrumentation-mongodb","SPDXRef-Package-opentelemetry.instrumentation-mongodb-0.56.0","0.56.0","https://registry.npmjs.org/@opentelemetry/instrumentation-mongodb/-/instrumentation-mongodb-0.56.0.tgz","Apache-2.0"
"@opentelemetry/instrumentation-mongoose","SPDXRef-Package-opentelemetry.instrumentation-mongoose-0.50.0","0.50.0","https://registry.npmjs.org/@opentelemetry/instrumentation-mongoose/-/instrumentation-mongoose-0.50.0.tgz","Apache-2.0"
"@opentelemetry/instrumentation-mysql","SPDXRef-Package-opentelemetry.instrumentation-mysql-0.49.0","0.49.0","https://registry.npmjs.org/@opentelemetry/instrumentation-mysql/-/instrumentation-mysql-0.49.0.tgz","Apache-2.0"
"@opentelemetry/instrumentation-mysql2","SPDXRef-Package-opentelemetry.instrumentation-mysql2-0.50.0","0.50.0","https://registry.npmjs.org/@opentelemetry/instrumentation-mysql2/-/instrumentation-mysql2-0.50.0.tgz","Apache-2.0"
"@opentelemetry/instrumentation-nestjs-core","SPDXRef-Package-opentelemetry.instrumentation-nestjs-core-0.49.0","0.49.0","https://registry.npmjs.org/@opentelemetry/instrumentation-nestjs-core/-/instrumentation-nestjs-core-0.49.0.tgz","Apache-2.0"
"@opentelemetry/instrumentation-net","SPDXRef-Package-opentelemetry.instrumentation-net-0.47.0","0.47.0","https://registry.npmjs.org/@opentelemetry/instrumentation-net/-/instrumentation-net-0.47.0.tgz","Apache-2.0"
"@opentelemetry/instrumentation-oracledb","SPDXRef-Package-opentelemetry.instrumentation-oracledb-0.29.0","0.29.0","https://registry.npmjs.org/@opentelemetry/instrumentation-oracledb/-/instrumentation-oracledb-0.29.0.tgz","Apache-2.0"
"@opentelemetry/instrumentation-pg","SPDXRef-Package-opentelemetry.instrumentation-pg-0.56.1","0.56.1","https://registry.npmjs.org/@opentelemetry/instrumentation-pg/-/instrumentation-pg-0.56.1.tgz","Apache-2.0"
"@opentelemetry/instrumentation-pino","SPDXRef-Package-opentelemetry.instrumentation-pino-0.50.1","0.50.1","https://registry.npmjs.org/@opentelemetry/instrumentation-pino/-/instrumentation-pino-0.50.1.tgz","Apache-2.0"
"@opentelemetry/instrumentation-redis","SPDXRef-Package-opentelemetry.instrumentation-redis-0.51.0","0.51.0","https://registry.npmjs.org/@opentelemetry/instrumentation-redis/-/instrumentation-redis-0.51.0.tgz","Apache-2.0"
"@opentelemetry/instrumentation-restify","SPDXRef-Package-opentelemetry.instrumentation-restify-0.49.0","0.49.0","https://registry.npmjs.org/@opentelemetry/instrumentation-restify/-/instrumentation-restify-0.49.0.tgz","Apache-2.0"
"@opentelemetry/instrumentation-router","SPDXRef-Package-opentelemetry.instrumentation-router-0.48.0","0.48.0","https://registry.npmjs.org/@opentelemetry/instrumentation-router/-/instrumentation-router-0.48.0.tgz","Apache-2.0"
"@opentelemetry/instrumentation-runtime-node","SPDXRef-Package-opentelemetry.instrumentation-runtime-node-0.17.1","0.17.1","https://registry.npmjs.org/@opentelemetry/instrumentation-runtime-node/-/instrumentation-runtime-node-0.17.1.tgz","Apache-2.0"
"@opentelemetry/instrumentation-socket.io","SPDXRef-Package-opentelemetry.instrumentation-socket.io-0.50.0","0.50.0","https://registry.npmjs.org/@opentelemetry/instrumentation-socket.io/-/instrumentation-socket.io-0.50.0.tgz","Apache-2.0"
"@opentelemetry/instrumentation-tedious","SPDXRef-Package-opentelemetry.instrumentation-tedious-0.22.0","0.22.0","https://registry.npmjs.org/@opentelemetry/instrumentation-tedious/-/instrumentation-tedious-0.22.0.tgz","Apache-2.0"
"@opentelemetry/instrumentation-undici","SPDXRef-Package-opentelemetry.instrumentation-undici-0.14.0","0.14.0","https://registry.npmjs.org/@opentelemetry/instrumentation-undici/-/instrumentation-undici-0.14.0.tgz","Apache-2.0"
"@opentelemetry/instrumentation-winston","SPDXRef-Package-opentelemetry.instrumentation-winston-0.48.1","0.48.1","https://registry.npmjs.org/@opentelemetry/instrumentation-winston/-/instrumentation-winston-0.48.1.tgz","Apache-2.0"
"@opentelemetry/otlp-exporter-base","SPDXRef-Package-opentelemetry.otlp-exporter-base-0.203.0","0.203.0","https://registry.npmjs.org/@opentelemetry/otlp-exporter-base/-/otlp-exporter-base-0.203.0.tgz","Apache-2.0"
"@opentelemetry/otlp-grpc-exporter-base","SPDXRef-Package-opentelemetry.otlp-grpc-exporter-base-0.203.0","0.203.0","https://registry.npmjs.org/@opentelemetry/otlp-grpc-exporter-base/-/otlp-grpc-exporter-base-0.203.0.tgz","Apache-2.0"
"@opentelemetry/otlp-transformer","SPDXRef-Package-opentelemetry.otlp-transformer-0.203.0","0.203.0","https://registry.npmjs.org/@opentelemetry/otlp-transformer/-/otlp-transformer-0.203.0.tgz","Apache-2.0"
"@opentelemetry/propagation-utils","SPDXRef-Package-opentelemetry.propagation-utils-0.31.16","0.31.16","https://registry.npmjs.org/@opentelemetry/propagation-utils/-/propagation-utils-0.31.16.tgz","Apache-2.0"
"@opentelemetry/propagator-b3","SPDXRef-Package-opentelemetry.propagator-b3-2.0.1","2.0.1","https://registry.npmjs.org/@opentelemetry/propagator-b3/-/propagator-b3-2.0.1.tgz","Apache-2.0"
"@opentelemetry/propagator-jaeger","SPDXRef-Package-opentelemetry.propagator-jaeger-2.0.1","2.0.1","https://registry.npmjs.org/@opentelemetry/propagator-jaeger/-/propagator-jaeger-2.0.1.tgz","Apache-2.0"
"@opentelemetry/redis-common","SPDXRef-Package-opentelemetry.redis-common-0.38.2","0.38.2","https://registry.npmjs.org/@opentelemetry/redis-common/-/redis-common-0.38.2.tgz","Apache-2.0"
"@opentelemetry/resource-detector-alibaba-cloud","SPDXRef-Package-opentelemetry.resource-detector-alibaba-cloud-0.31.11","0.31.11","https://registry.npmjs.org/@opentelemetry/resource-detector-alibaba-cloud/-/resource-detector-alibaba-cloud-0.31.11.tgz","Apache-2.0"
"@opentelemetry/resource-detector-aws","SPDXRef-Package-opentelemetry.resource-detector-aws-2.13.0","2.13.0","https://registry.npmjs.org/@opentelemetry/resource-detector-aws/-/resource-detector-aws-2.13.0.tgz","Apache-2.0"
"@opentelemetry/resource-detector-azure","SPDXRef-Package-opentelemetry.resource-detector-azure-0.10.0","0.10.0","https://registry.npmjs.org/@opentelemetry/resource-detector-azure/-/resource-detector-azure-0.10.0.tgz","Apache-2.0"
"@opentelemetry/resource-detector-container","SPDXRef-Package-opentelemetry.resource-detector-container-0.7.11","0.7.11","https://registry.npmjs.org/@opentelemetry/resource-detector-container/-/resource-detector-container-0.7.11.tgz","Apache-2.0"
"@opentelemetry/resource-detector-gcp","SPDXRef-Package-opentelemetry.resource-detector-gcp-0.37.0","0.37.0","https://registry.npmjs.org/@opentelemetry/resource-detector-gcp/-/resource-detector-gcp-0.37.0.tgz","Apache-2.0"
"@opentelemetry/resources","SPDXRef-Package-opentelemetry.resources-2.0.1","2.0.1","https://registry.npmjs.org/@opentelemetry/resources/-/resources-2.0.1.tgz","Apache-2.0"
"@opentelemetry/sdk-logs","SPDXRef-Package-opentelemetry.sdk-logs-0.203.0","0.203.0","https://registry.npmjs.org/@opentelemetry/sdk-logs/-/sdk-logs-0.203.0.tgz","Apache-2.0"
"@opentelemetry/sdk-metrics","SPDXRef-Package-opentelemetry.sdk-metrics-2.0.1","2.0.1","https://registry.npmjs.org/@opentelemetry/sdk-metrics/-/sdk-metrics-2.0.1.tgz","Apache-2.0"
"@opentelemetry/sdk-node","SPDXRef-Package-opentelemetry.sdk-node-0.203.0","0.203.0","https://registry.npmjs.org/@opentelemetry/sdk-node/-/sdk-node-0.203.0.tgz","Apache-2.0"
"@opentelemetry/sdk-trace-base","SPDXRef-Package-opentelemetry.sdk-trace-base-2.0.1","2.0.1","https://registry.npmjs.org/@opentelemetry/sdk-trace-base/-/sdk-trace-base-2.0.1.tgz","Apache-2.0"
"@opentelemetry/sdk-trace-node","SPDXRef-Package-opentelemetry.sdk-trace-node-2.0.1","2.0.1","https://registry.npmjs.org/@opentelemetry/sdk-trace-node/-/sdk-trace-node-2.0.1.tgz","Apache-2.0"
"@opentelemetry/semantic-conventions","SPDXRef-Package-opentelemetry.semantic-conventions-1.40.0","1.40.0","https://registry.npmjs.org/@opentelemetry/semantic-conventions/-/semantic-conventions-1.40.0.tgz","Apache-2.0"
"@opentelemetry/sql-common","SPDXRef-Package-opentelemetry.sql-common-0.41.2","0.41.2","https://registry.npmjs.org/@opentelemetry/sql-common/-/sql-common-0.41.2.tgz","Apache-2.0"
"@pinojs/redact","SPDXRef-Package-pinojs.redact-0.4.0","0.4.0","https://registry.npmjs.org/@pinojs/redact/-/redact-0.4.0.tgz","MIT"
"@pkgjs/parseargs","SPDXRef-Package-pkgjs.parseargs-0.11.0","0.11.0","https://registry.npmjs.org/@pkgjs/parseargs/-/parseargs-0.11.0.tgz","MIT"
"@protobufjs/aspromise","SPDXRef-Package-protobufjs.aspromise-1.1.2","1.1.2","https://registry.npmjs.org/@protobufjs/aspromise/-/aspromise-1.1.2.tgz","BSD-3-Clause"
"@protobufjs/base64","SPDXRef-Package-protobufjs.base64-1.1.2","1.1.2","https://registry.npmjs.org/@protobufjs/base64/-/base64-1.1.2.tgz","BSD-3-Clause"
"@protobufjs/codegen","SPDXRef-Package-protobufjs.codegen-2.0.4","2.0.4","https://registry.npmjs.org/@protobufjs/codegen/-/codegen-2.0.4.tgz","BSD-3-Clause"
"@protobufjs/eventemitter","SPDXRef-Package-protobufjs.eventemitter-1.1.0","1.1.0","https://registry.npmjs.org/@protobufjs/eventemitter/-/eventemitter-1.1.0.tgz","BSD-3-Clause"
"@protobufjs/fetch","SPDXRef-Package-protobufjs.fetch-1.1.0","1.1.0","https://registry.npmjs.org/@protobufjs/fetch/-/fetch-1.1.0.tgz","BSD-3-Clause"
"@protobufjs/float","SPDXRef-Package-protobufjs.float-1.0.2","1.0.2","https://registry.npmjs.org/@protobufjs/float/-/float-1.0.2.tgz","BSD-3-Clause"
"@protobufjs/inquire","SPDXRef-Package-protobufjs.inquire-1.1.0","1.1.0","https://registry.npmjs.org/@protobufjs/inquire/-/inquire-1.1.0.tgz","BSD-3-Clause"
"@protobufjs/path","SPDXRef-Package-protobufjs.path-1.1.2","1.1.2","https://registry.npmjs.org/@protobufjs/path/-/path-1.1.2.tgz","BSD-3-Clause"
"@protobufjs/pool","SPDXRef-Package-protobufjs.pool-1.1.0","1.1.0","https://registry.npmjs.org/@protobufjs/pool/-/pool-1.1.0.tgz","BSD-3-Clause"
"@protobufjs/utf8","SPDXRef-Package-protobufjs.utf8-1.1.0","1.1.0","https://registry.npmjs.org/@protobufjs/utf8/-/utf8-1.1.0.tgz","BSD-3-Clause"
"@smithy/abort-controller","SPDXRef-Package-smithy.abort-controller-4.2.12","4.2.12","https://registry.npmjs.org/@smithy/abort-controller/-/abort-controller-4.2.12.tgz","Apache-2.0"
"@smithy/chunked-blob-reader","SPDXRef-Package-smithy.chunked-blob-reader-5.2.2","5.2.2","https://registry.npmjs.org/@smithy/chunked-blob-reader/-/chunked-blob-reader-5.2.2.tgz","Apache-2.0"
"@smithy/chunked-blob-reader-native","SPDXRef-Package-smithy.chunked-blob-reader-native-4.2.3","4.2.3","https://registry.npmjs.org/@smithy/chunked-blob-reader-native/-/chunked-blob-reader-native-4.2.3.tgz","Apache-2.0"
"@smithy/config-resolver","SPDXRef-Package-smithy.config-resolver-4.4.13","4.4.13","https://registry.npmjs.org/@smithy/config-resolver/-/config-resolver-4.4.13.tgz","Apache-2.0"
"@smithy/core","SPDXRef-Package-smithy.core-3.23.12","3.23.12","https://registry.npmjs.org/@smithy/core/-/core-3.23.12.tgz","Apache-2.0"
"@smithy/credential-provider-imds","SPDXRef-Package-smithy.credential-provider-imds-4.2.12","4.2.12","https://registry.npmjs.org/@smithy/credential-provider-imds/-/credential-provider-imds-4.2.12.tgz","Apache-2.0"
"@smithy/eventstream-codec","SPDXRef-Package-smithy.eventstream-codec-4.2.12","4.2.12","https://registry.npmjs.org/@smithy/eventstream-codec/-/eventstream-codec-4.2.12.tgz","Apache-2.0"
"@smithy/eventstream-serde-browser","SPDXRef-Package-smithy.eventstream-serde-browser-4.2.12","4.2.12","https://registry.npmjs.org/@smithy/eventstream-serde-browser/-/eventstream-serde-browser-4.2.12.tgz","Apache-2.0"
"@smithy/eventstream-serde-config-resolver","SPDXRef-Package-smithy.eventstream-serde-config-resolver-4.3.12","4.3.12","https://registry.npmjs.org/@smithy/eventstream-serde-config-resolver/-/eventstream-serde-config-resolver-4.3.12.tgz","Apache-2.0"
"@smithy/eventstream-serde-node","SPDXRef-Package-smithy.eventstream-serde-node-4.2.12","4.2.12","https://registry.npmjs.org/@smithy/eventstream-serde-node/-/eventstream-serde-node-4.2.12.tgz","Apache-2.0"
"@smithy/eventstream-serde-universal","SPDXRef-Package-smithy.eventstream-serde-universal-4.2.12","4.2.12","https://registry.npmjs.org/@smithy/eventstream-serde-universal/-/eventstream-serde-universal-4.2.12.tgz","Apache-2.0"
"@smithy/fetch-http-handler","SPDXRef-Package-smithy.fetch-http-handler-5.3.15","5.3.15","https://registry.npmjs.org/@smithy/fetch-http-handler/-/fetch-http-handler-5.3.15.tgz","Apache-2.0"
"@smithy/hash-blob-browser","SPDXRef-Package-smithy.hash-blob-browser-4.2.13","4.2.13","https://registry.npmjs.org/@smithy/hash-blob-browser/-/hash-blob-browser-4.2.13.tgz","Apache-2.0"
"@smithy/hash-node","SPDXRef-Package-smithy.hash-node-4.2.12","4.2.12","https://registry.npmjs.org/@smithy/hash-node/-/hash-node-4.2.12.tgz","Apache-2.0"
"@smithy/hash-stream-node","SPDXRef-Package-smithy.hash-stream-node-4.2.12","4.2.12","https://registry.npmjs.org/@smithy/hash-stream-node/-/hash-stream-node-4.2.12.tgz","Apache-2.0"
"@smithy/invalid-dependency","SPDXRef-Package-smithy.invalid-dependency-4.2.12","4.2.12","https://registry.npmjs.org/@smithy/invalid-dependency/-/invalid-dependency-4.2.12.tgz","Apache-2.0"
"@smithy/is-array-buffer","SPDXRef-Package-smithy.is-array-buffer-2.2.0","2.2.0","https://registry.npmjs.org/@smithy/is-array-buffer/-/is-array-buffer-2.2.0.tgz","Apache-2.0"
"@smithy/is-array-buffer","SPDXRef-Package-smithy.is-array-buffer-4.2.2","4.2.2","https://registry.npmjs.org/@smithy/is-array-buffer/-/is-array-buffer-4.2.2.tgz","Apache-2.0"
"@smithy/md5-js","SPDXRef-Package-smithy.md5-js-4.2.12","4.2.12","https://registry.npmjs.org/@smithy/md5-js/-/md5-js-4.2.12.tgz","Apache-2.0"
"@smithy/middleware-content-length","SPDXRef-Package-smithy.middleware-content-length-4.2.12","4.2.12","https://registry.npmjs.org/@smithy/middleware-content-length/-/middleware-content-length-4.2.12.tgz","Apache-2.0"
"@smithy/middleware-endpoint","SPDXRef-Package-smithy.middleware-endpoint-4.4.27","4.4.27","https://registry.npmjs.org/@smithy/middleware-endpoint/-/middleware-endpoint-4.4.27.tgz","Apache-2.0"
"@smithy/middleware-retry","SPDXRef-Package-smithy.middleware-retry-4.4.44","4.4.44","https://registry.npmjs.org/@smithy/middleware-retry/-/middleware-retry-4.4.44.tgz","Apache-2.0"
"@smithy/middleware-serde","SPDXRef-Package-smithy.middleware-serde-4.2.15","4.2.15","https://registry.npmjs.org/@smithy/middleware-serde/-/middleware-serde-4.2.15.tgz","Apache-2.0"
"@smithy/middleware-stack","SPDXRef-Package-smithy.middleware-stack-4.2.12","4.2.12","https://registry.npmjs.org/@smithy/middleware-stack/-/middleware-stack-4.2.12.tgz","Apache-2.0"
"@smithy/node-config-provider","SPDXRef-Package-smithy.node-config-provider-4.3.12","4.3.12","https://registry.npmjs.org/@smithy/node-config-provider/-/node-config-provider-4.3.12.tgz","Apache-2.0"
"@smithy/node-http-handler","SPDXRef-Package-smithy.node-http-handler-4.5.0","4.5.0","https://registry.npmjs.org/@smithy/node-http-handler/-/node-http-handler-4.5.0.tgz","Apache-2.0"
"@smithy/property-provider","SPDXRef-Package-smithy.property-provider-4.2.12","4.2.12","https://registry.npmjs.org/@smithy/property-provider/-/property-provider-4.2.12.tgz","Apache-2.0"
"@smithy/protocol-http","SPDXRef-Package-smithy.protocol-http-5.3.12","5.3.12","https://registry.npmjs.org/@smithy/protocol-http/-/protocol-http-5.3.12.tgz","Apache-2.0"
"@smithy/querystring-builder","SPDXRef-Package-smithy.querystring-builder-4.2.12","4.2.12","https://registry.npmjs.org/@smithy/querystring-builder/-/querystring-builder-4.2.12.tgz","Apache-2.0"
"@smithy/querystring-parser","SPDXRef-Package-smithy.querystring-parser-4.2.12","4.2.12","https://registry.npmjs.org/@smithy/querystring-parser/-/querystring-parser-4.2.12.tgz","Apache-2.0"
"@smithy/service-error-classification","SPDXRef-Package-smithy.service-error-classification-4.2.12","4.2.12","https://registry.npmjs.org/@smithy/service-error-classification/-/service-error-classification-4.2.12.tgz","Apache-2.0"
"@smithy/shared-ini-file-loader","SPDXRef-Package-smithy.shared-ini-file-loader-4.4.7","4.4.7","https://registry.npmjs.org/@smithy/shared-ini-file-loader/-/shared-ini-file-loader-4.4.7.tgz","Apache-2.0"
"@smithy/signature-v4","SPDXRef-Package-smithy.signature-v4-5.3.12","5.3.12","https://registry.npmjs.org/@smithy/signature-v4/-/signature-v4-5.3.12.tgz","Apache-2.0"
"@smithy/smithy-client","SPDXRef-Package-smithy.smithy-client-4.12.7","4.12.7","https://registry.npmjs.org/@smithy/smithy-client/-/smithy-client-4.12.7.tgz","Apache-2.0"
"@smithy/url-parser","SPDXRef-Package-smithy.url-parser-4.2.12","4.2.12","https://registry.npmjs.org/@smithy/url-parser/-/url-parser-4.2.12.tgz","Apache-2.0"
"@smithy/util-base64","SPDXRef-Package-smithy.util-base64-4.3.2","4.3.2","https://registry.npmjs.org/@smithy/util-base64/-/util-base64-4.3.2.tgz","Apache-2.0"
"@smithy/util-body-length-browser","SPDXRef-Package-smithy.util-body-length-browser-4.2.2","4.2.2","https://registry.npmjs.org/@smithy/util-body-length-browser/-/util-body-length-browser-4.2.2.tgz","Apache-2.0"
"@smithy/util-body-length-node","SPDXRef-Package-smithy.util-body-length-node-4.2.3","4.2.3","https://registry.npmjs.org/@smithy/util-body-length-node/-/util-body-length-node-4.2.3.tgz","Apache-2.0"
"@smithy/util-buffer-from","SPDXRef-Package-smithy.util-buffer-from-2.2.0","2.2.0","https://registry.npmjs.org/@smithy/util-buffer-from/-/util-buffer-from-2.2.0.tgz","Apache-2.0"
"@smithy/util-buffer-from","SPDXRef-Package-smithy.util-buffer-from-4.2.2","4.2.2","https://registry.npmjs.org/@smithy/util-buffer-from/-/util-buffer-from-4.2.2.tgz","Apache-2.0"
"@smithy/util-config-provider","SPDXRef-Package-smithy.util-config-provider-4.2.2","4.2.2","https://registry.npmjs.org/@smithy/util-config-provider/-/util-config-provider-4.2.2.tgz","Apache-2.0"
"@smithy/util-defaults-mode-browser","SPDXRef-Package-smithy.util-defaults-mode-browser-4.3.43","4.3.43","https://registry.npmjs.org/@smithy/util-defaults-mode-browser/-/util-defaults-mode-browser-4.3.43.tgz","Apache-2.0"
"@smithy/util-defaults-mode-node","SPDXRef-Package-smithy.util-defaults-mode-node-4.2.47","4.2.47","https://registry.npmjs.org/@smithy/util-defaults-mode-node/-/util-defaults-mode-node-4.2.47.tgz","Apache-2.0"
"@smithy/util-endpoints","SPDXRef-Package-smithy.util-endpoints-3.3.3","3.3.3","https://registry.npmjs.org/@smithy/util-endpoints/-/util-endpoints-3.3.3.tgz","Apache-2.0"
"@smithy/util-hex-encoding","SPDXRef-Package-smithy.util-hex-encoding-4.2.2","4.2.2","https://registry.npmjs.org/@smithy/util-hex-encoding/-/util-hex-encoding-4.2.2.tgz","Apache-2.0"
"@smithy/util-middleware","SPDXRef-Package-smithy.util-middleware-4.2.12","4.2.12","https://registry.npmjs.org/@smithy/util-middleware/-/util-middleware-4.2.12.tgz","Apache-2.0"
"@smithy/util-retry","SPDXRef-Package-smithy.util-retry-4.2.12","4.2.12","https://registry.npmjs.org/@smithy/util-retry/-/util-retry-4.2.12.tgz","Apache-2.0"
"@smithy/util-stream","SPDXRef-Package-smithy.util-stream-4.5.20","4.5.20","https://registry.npmjs.org/@smithy/util-stream/-/util-stream-4.5.20.tgz","Apache-2.0"
"@smithy/util-uri-escape","SPDXRef-Package-smithy.util-uri-escape-4.2.2","4.2.2","https://registry.npmjs.org/@smithy/util-uri-escape/-/util-uri-escape-4.2.2.tgz","Apache-2.0"
"@smithy/util-utf8","SPDXRef-Package-smithy.util-utf8-2.3.0","2.3.0","https://registry.npmjs.org/@smithy/util-utf8/-/util-utf8-2.3.0.tgz","Apache-2.0"
"@smithy/util-utf8","SPDXRef-Package-smithy.util-utf8-4.2.2","4.2.2","https://registry.npmjs.org/@smithy/util-utf8/-/util-utf8-4.2.2.tgz","Apache-2.0"
"@smithy/util-waiter","SPDXRef-Package-smithy.util-waiter-4.2.13","4.2.13","https://registry.npmjs.org/@smithy/util-waiter/-/util-waiter-4.2.13.tgz","Apache-2.0"
"@smithy/uuid","SPDXRef-Package-smithy.uuid-1.1.2","1.1.2","https://registry.npmjs.org/@smithy/uuid/-/uuid-1.1.2.tgz","Apache-2.0"
"@tree-sitter-grammars/tree-sitter-yaml","SPDXRef-Package-tree-sitter-grammars.tree-sitter-yaml-0.7.1","0.7.1","https://registry.npmjs.org/@tree-sitter-grammars/tree-sitter-yaml/-/tree-sitter-yaml-0.7.1.tgz","MIT"
"@tybys/wasm-util","SPDXRef-Package-tybys.wasm-util-0.10.1","0.10.1","https://registry.npmjs.org/@tybys/wasm-util/-/wasm-util-0.10.1.tgz","MIT"
"@types/aws-lambda","SPDXRef-Package-types.aws-lambda-8.10.152","8.10.152","https://registry.npmjs.org/@types/aws-lambda/-/aws-lambda-8.10.152.tgz","MIT"
"@types/bunyan","SPDXRef-Package-types.bunyan-1.8.11","1.8.11","https://registry.npmjs.org/@types/bunyan/-/bunyan-1.8.11.tgz","MIT"
"@types/connect","SPDXRef-Package-types.connect-3.4.38","3.4.38","https://registry.npmjs.org/@types/connect/-/connect-3.4.38.tgz","MIT"
"@types/memcached","SPDXRef-Package-types.memcached-2.2.10","2.2.10","https://registry.npmjs.org/@types/memcached/-/memcached-2.2.10.tgz","MIT"
"@types/mysql","SPDXRef-Package-types.mysql-2.15.27","2.15.27","https://registry.npmjs.org/@types/mysql/-/mysql-2.15.27.tgz","MIT"
"@types/oracledb","SPDXRef-Package-types.oracledb-6.5.2","6.5.2","https://registry.npmjs.org/@types/oracledb/-/oracledb-6.5.2.tgz","MIT"
"@types/pg","SPDXRef-Package-types.pg-8.15.5","8.15.5","https://registry.npmjs.org/@types/pg/-/pg-8.15.5.tgz","MIT"
"@types/pg-pool","SPDXRef-Package-types.pg-pool-2.0.6","2.0.6","https://registry.npmjs.org/@types/pg-pool/-/pg-pool-2.0.6.tgz","MIT"
"@types/tedious","SPDXRef-Package-types.tedious-4.0.14","4.0.14","https://registry.npmjs.org/@types/tedious/-/tedious-4.0.14.tgz","MIT"
"abort-controller","SPDXRef-Package-abort-controller-3.0.0","3.0.0","https://registry.npmjs.org/abort-controller/-/abort-controller-3.0.0.tgz","MIT"
"acorn-import-attributes","SPDXRef-Package-acorn-import-attributes-1.9.5","1.9.5","https://registry.npmjs.org/acorn-import-attributes/-/acorn-import-attributes-1.9.5.tgz","MIT"
"agent-base","SPDXRef-Package-agent-base-7.1.4","7.1.4","https://registry.npmjs.org/agent-base/-/agent-base-7.1.4.tgz","MIT"
"ansi-regex","SPDXRef-Package-ansi-regex-5.0.1","5.0.1","https://registry.npmjs.org/ansi-regex/-/ansi-regex-5.0.1.tgz","MIT"
"ansi-styles","SPDXRef-Package-ansi-styles-6.2.3","6.2.3","https://registry.npmjs.org/ansi-styles/-/ansi-styles-6.2.3.tgz","MIT"
"archiver","SPDXRef-Package-archiver-7.0.1","7.0.1","https://registry.npmjs.org/archiver/-/archiver-7.0.1.tgz","MIT"
"archiver-utils","SPDXRef-Package-archiver-utils-5.0.2","5.0.2","https://registry.npmjs.org/archiver-utils/-/archiver-utils-5.0.2.tgz","MIT"
"async","SPDXRef-Package-async-3.2.6","3.2.6","https://registry.npmjs.org/async/-/async-3.2.6.tgz","MIT"
"async-mutex","SPDXRef-Package-async-mutex-0.5.0","0.5.0","https://registry.npmjs.org/async-mutex/-/async-mutex-0.5.0.tgz","MIT"
"asynckit","SPDXRef-Package-asynckit-0.4.0","0.4.0","https://registry.npmjs.org/asynckit/-/asynckit-0.4.0.tgz","MIT"
"atomic-sleep","SPDXRef-Package-atomic-sleep-1.0.0","1.0.0","https://registry.npmjs.org/atomic-sleep/-/atomic-sleep-1.0.0.tgz","MIT"
"axios","SPDXRef-Package-axios-1.13.6","1.13.6","https://registry.npmjs.org/axios/-/axios-1.13.6.tgz","MIT"
"b4a","SPDXRef-Package-b4a-1.8.0","1.8.0","https://registry.npmjs.org/b4a/-/b4a-1.8.0.tgz","Apache-2.0"
"balanced-match","SPDXRef-Package-balanced-match-1.0.2","1.0.2","https://registry.npmjs.org/balanced-match/-/balanced-match-1.0.2.tgz","MIT"
"bare-events","SPDXRef-Package-bare-events-2.8.2","2.8.2","https://registry.npmjs.org/bare-events/-/bare-events-2.8.2.tgz","Apache-2.0"
"bare-fs","SPDXRef-Package-bare-fs-4.5.6","4.5.6","https://registry.npmjs.org/bare-fs/-/bare-fs-4.5.6.tgz","Apache-2.0"
"bare-os","SPDXRef-Package-bare-os-3.8.0","3.8.0","https://registry.npmjs.org/bare-os/-/bare-os-3.8.0.tgz","Apache-2.0"
"bare-path","SPDXRef-Package-bare-path-3.0.0","3.0.0","https://registry.npmjs.org/bare-path/-/bare-path-3.0.0.tgz","Apache-2.0"
"bare-stream","SPDXRef-Package-bare-stream-2.10.0","2.10.0","https://registry.npmjs.org/bare-stream/-/bare-stream-2.10.0.tgz","Apache-2.0"
"bare-url","SPDXRef-Package-bare-url-2.4.0","2.4.0","https://registry.npmjs.org/bare-url/-/bare-url-2.4.0.tgz","Apache-2.0"
"base64-js","SPDXRef-Package-base64-js-1.5.1","1.5.1","https://registry.npmjs.org/base64-js/-/base64-js-1.5.1.tgz","MIT"
"bignumber.js","SPDXRef-Package-bignumber.js-9.3.1","9.3.1","https://registry.npmjs.org/bignumber.js/-/bignumber.js-9.3.1.tgz","MIT"
"bowser","SPDXRef-Package-bowser-2.14.1","2.14.1","https://registry.npmjs.org/bowser/-/bowser-2.14.1.tgz","MIT"
"brace-expansion","SPDXRef-Package-brace-expansion-2.0.2","2.0.2","https://registry.npmjs.org/brace-expansion/-/brace-expansion-2.0.2.tgz","MIT"
"buffer","SPDXRef-Package-buffer-6.0.3","6.0.3","https://registry.npmjs.org/buffer/-/buffer-6.0.3.tgz","MIT"
"buffer-crc32","SPDXRef-Package-buffer-crc32-1.0.0","1.0.0","https://registry.npmjs.org/buffer-crc32/-/buffer-crc32-1.0.0.tgz","MIT"
"buffer-crc32","SPDXRef-Package-buffer-crc32-0.2.13","0.2.13","https://registry.npmjs.org/buffer-crc32/-/buffer-crc32-0.2.13.tgz","MIT"
"cfn-guard","SPDXRef-Package-cfn-guard-3.1.1","3.1.1","NOASSERTION","Apache-2.0"
"cjs-module-lexer","SPDXRef-Package-cjs-module-lexer-1.4.3","1.4.3","https://registry.npmjs.org/cjs-module-lexer/-/cjs-module-lexer-1.4.3.tgz","MIT"
"cliui","SPDXRef-Package-cliui-8.0.1","8.0.1","https://registry.npmjs.org/cliui/-/cliui-8.0.1.tgz","ISC"
"colorette","SPDXRef-Package-colorette-2.0.20","2.0.20","https://registry.npmjs.org/colorette/-/colorette-2.0.20.tgz","MIT"
"combined-stream","SPDXRef-Package-combined-stream-1.0.8","1.0.8","https://registry.npmjs.org/combined-stream/-/combined-stream-1.0.8.tgz","MIT"
"compress-commons","SPDXRef-Package-compress-commons-6.0.2","6.0.2","https://registry.npmjs.org/compress-commons/-/compress-commons-6.0.2.tgz","MIT"
"core-util-is","SPDXRef-Package-core-util-is-1.0.3","1.0.3","https://registry.npmjs.org/core-util-is/-/core-util-is-1.0.3.tgz","MIT"
"crc-32","SPDXRef-Package-crc-32-1.2.2","1.2.2","https://registry.npmjs.org/crc-32/-/crc-32-1.2.2.tgz","Apache-2.0"
"crc32-stream","SPDXRef-Package-crc32-stream-6.0.0","6.0.0","https://registry.npmjs.org/crc32-stream/-/crc32-stream-6.0.0.tgz","MIT"
"dateformat","SPDXRef-Package-dateformat-4.6.3","4.6.3","https://registry.npmjs.org/dateformat/-/dateformat-4.6.3.tgz","MIT"
"deep-object-diff","SPDXRef-Package-deep-object-diff-1.1.9","1.1.9","https://registry.npmjs.org/deep-object-diff/-/deep-object-diff-1.1.9.tgz","MIT"
"delayed-stream","SPDXRef-Package-delayed-stream-1.0.0","1.0.0","https://registry.npmjs.org/delayed-stream/-/delayed-stream-1.0.0.tgz","MIT"
"eastasianwidth","SPDXRef-Package-eastasianwidth-0.2.0","0.2.0","https://registry.npmjs.org/eastasianwidth/-/eastasianwidth-0.2.0.tgz","MIT"
"emoji-regex","SPDXRef-Package-emoji-regex-8.0.0","8.0.0","https://registry.npmjs.org/emoji-regex/-/emoji-regex-8.0.0.tgz","MIT"
"emoji-regex","SPDXRef-Package-emoji-regex-9.2.2","9.2.2","https://registry.npmjs.org/emoji-regex/-/emoji-regex-9.2.2.tgz","MIT"
"event-target-shim","SPDXRef-Package-event-target-shim-5.0.1","5.0.1","https://registry.npmjs.org/event-target-shim/-/event-target-shim-5.0.1.tgz","MIT"
"events-universal","SPDXRef-Package-events-universal-1.0.1","1.0.1","https://registry.npmjs.org/events-universal/-/events-universal-1.0.1.tgz","Apache-2.0"
"extend","SPDXRef-Package-extend-3.0.2","3.0.2","https://registry.npmjs.org/extend/-/extend-3.0.2.tgz","MIT"
"fast-copy","SPDXRef-Package-fast-copy-4.0.2","4.0.2","https://registry.npmjs.org/fast-copy/-/fast-copy-4.0.2.tgz","MIT"
"fast-fifo","SPDXRef-Package-fast-fifo-1.3.2","1.3.2","https://registry.npmjs.org/fast-fifo/-/fast-fifo-1.3.2.tgz","MIT"
"fast-safe-stringify","SPDXRef-Package-fast-safe-stringify-2.1.1","2.1.1","https://registry.npmjs.org/fast-safe-stringify/-/fast-safe-stringify-2.1.1.tgz","MIT"
"fast-xml-builder","SPDXRef-Package-fast-xml-builder-1.1.4","1.1.4","https://registry.npmjs.org/fast-xml-builder/-/fast-xml-builder-1.1.4.tgz","MIT"
"fast-xml-parser","SPDXRef-Package-fast-xml-parser-5.5.8","5.5.8","https://registry.npmjs.org/fast-xml-parser/-/fast-xml-parser-5.5.8.tgz","MIT"
"follow-redirects","SPDXRef-Package-follow-redirects-1.15.11","1.15.11","https://registry.npmjs.org/follow-redirects/-/follow-redirects-1.15.11.tgz","MIT"
"foreground-child","SPDXRef-Package-foreground-child-3.3.1","3.3.1","https://registry.npmjs.org/foreground-child/-/foreground-child-3.3.1.tgz","ISC"
"form-data","SPDXRef-Package-form-data-4.0.5","4.0.5","https://registry.npmjs.org/form-data/-/form-data-4.0.5.tgz","MIT"
"forwarded-parse","SPDXRef-Package-forwarded-parse-2.1.2","2.1.2","https://registry.npmjs.org/forwarded-parse/-/forwarded-parse-2.1.2.tgz","MIT"
"fuse.js","SPDXRef-Package-fuse.js-7.1.0","7.1.0","https://registry.npmjs.org/fuse.js/-/fuse.js-7.1.0.tgz","Apache-2.0"
"gaxios","SPDXRef-Package-gaxios-6.7.1","6.7.1","https://registry.npmjs.org/gaxios/-/gaxios-6.7.1.tgz","Apache-2.0"
"gcp-metadata","SPDXRef-Package-gcp-metadata-6.1.1","6.1.1","https://registry.npmjs.org/gcp-metadata/-/gcp-metadata-6.1.1.tgz","Apache-2.0"
"glob","SPDXRef-Package-glob-10.5.0","10.5.0","https://registry.npmjs.org/glob/-/glob-10.5.0.tgz","ISC"
"google-logging-utils","SPDXRef-Package-google-logging-utils-0.0.2","0.0.2","https://registry.npmjs.org/google-logging-utils/-/google-logging-utils-0.0.2.tgz","Apache-2.0"
"help-me","SPDXRef-Package-help-me-5.0.0","5.0.0","https://registry.npmjs.org/help-me/-/help-me-5.0.0.tgz","MIT"
"https-proxy-agent","SPDXRef-Package-https-proxy-agent-7.0.6","7.0.6","https://registry.npmjs.org/https-proxy-agent/-/https-proxy-agent-7.0.6.tgz","MIT"
"ieee754","SPDXRef-Package-ieee754-1.2.1","1.2.1","https://registry.npmjs.org/ieee754/-/ieee754-1.2.1.tgz","BSD-3-Clause"
"import-in-the-middle","SPDXRef-Package-import-in-the-middle-1.15.0","1.15.0","https://registry.npmjs.org/import-in-the-middle/-/import-in-the-middle-1.15.0.tgz","Apache-2.0"
"inherits","SPDXRef-Package-inherits-2.0.4","2.0.4","https://registry.npmjs.org/inherits/-/inherits-2.0.4.tgz","ISC"
"ini","SPDXRef-Package-ini-6.0.0","6.0.0","https://registry.npmjs.org/ini/-/ini-6.0.0.tgz","ISC"
"isarray","SPDXRef-Package-isarray-1.0.0","1.0.0","https://registry.npmjs.org/isarray/-/isarray-1.0.0.tgz","MIT"
"jackspeak","SPDXRef-Package-jackspeak-3.4.3","3.4.3","https://registry.npmjs.org/jackspeak/-/jackspeak-3.4.3.tgz","BlueOak-1.0.0"
"jose","SPDXRef-Package-jose-4.15.9","4.15.9","https://registry.npmjs.org/jose/-/jose-4.15.9.tgz","MIT"
"joycon","SPDXRef-Package-joycon-3.1.1","3.1.1","https://registry.npmjs.org/joycon/-/joycon-3.1.1.tgz","MIT"
"json-bigint","SPDXRef-Package-json-bigint-1.0.0","1.0.0","https://registry.npmjs.org/json-bigint/-/json-bigint-1.0.0.tgz","MIT"
"lazystream","SPDXRef-Package-lazystream-1.0.1","1.0.1","https://registry.npmjs.org/lazystream/-/lazystream-1.0.1.tgz","MIT"
"lmdb","SPDXRef-Package-lmdb-3.5.2","3.5.2","https://registry.npmjs.org/lmdb/-/lmdb-3.5.2.tgz","MIT"
"lodash","SPDXRef-Package-lodash-4.17.23","4.17.23","https://registry.npmjs.org/lodash/-/lodash-4.17.23.tgz","MIT"
"lodash.camelcase","SPDXRef-Package-lodash.camelcase-4.3.0","4.3.0","https://registry.npmjs.org/lodash.camelcase/-/lodash.camelcase-4.3.0.tgz","MIT"
"long","SPDXRef-Package-long-5.3.2","5.3.2","https://registry.npmjs.org/long/-/long-5.3.2.tgz","Apache-2.0"
"lru-cache","SPDXRef-Package-lru-cache-10.4.3","10.4.3","https://registry.npmjs.org/lru-cache/-/lru-cache-10.4.3.tgz","ISC"
"luxon","SPDXRef-Package-luxon-3.7.2","3.7.2","https://registry.npmjs.org/luxon/-/luxon-3.7.2.tgz","MIT"
"minimatch","SPDXRef-Package-minimatch-9.0.9","9.0.9","https://registry.npmjs.org/minimatch/-/minimatch-9.0.9.tgz","ISC"
"minimatch","SPDXRef-Package-minimatch-5.1.9","5.1.9","https://registry.npmjs.org/minimatch/-/minimatch-5.1.9.tgz","ISC"
"minipass","SPDXRef-Package-minipass-7.1.3","7.1.3","https://registry.npmjs.org/minipass/-/minipass-7.1.3.tgz","BlueOak-1.0.0"
"module-details-from-path","SPDXRef-Package-module-details-from-path-1.0.4","1.0.4","https://registry.npmjs.org/module-details-from-path/-/module-details-from-path-1.0.4.tgz","MIT"
"msgpackr","SPDXRef-Package-msgpackr-1.11.9","1.11.9","https://registry.npmjs.org/msgpackr/-/msgpackr-1.11.9.tgz","MIT"
"msgpackr-extract","SPDXRef-Package-msgpackr-extract-3.0.3","3.0.3","https://registry.npmjs.org/msgpackr-extract/-/msgpackr-extract-3.0.3.tgz","MIT"
"node-addon-api","SPDXRef-Package-node-addon-api-6.1.0","6.1.0","https://registry.npmjs.org/node-addon-api/-/node-addon-api-6.1.0.tgz","MIT"
"node-addon-api","SPDXRef-Package-node-addon-api-8.6.0","8.6.0","https://registry.npmjs.org/node-addon-api/-/node-addon-api-8.6.0.tgz","MIT"
"node-fetch","SPDXRef-Package-node-fetch-2.7.0","2.7.0","https://registry.npmjs.org/node-fetch/-/node-fetch-2.7.0.tgz","MIT"
"node-gyp-build","SPDXRef-Package-node-gyp-build-4.8.4","4.8.4","https://registry.npmjs.org/node-gyp-build/-/node-gyp-build-4.8.4.tgz","MIT"
"node-gyp-build-optional-packages","SPDXRef-Package-node-gyp-build-optional-packages-5.2.2","5.2.2","https://registry.npmjs.org/node-gyp-build-optional-packages/-/node-gyp-build-optional-packages-5.2.2.tgz","MIT"
"on-exit-leak-free","SPDXRef-Package-on-exit-leak-free-2.1.2","2.1.2","https://registry.npmjs.org/on-exit-leak-free/-/on-exit-leak-free-2.1.2.tgz","MIT"
"ordered-binary","SPDXRef-Package-ordered-binary-1.6.1","1.6.1","https://registry.npmjs.org/ordered-binary/-/ordered-binary-1.6.1.tgz","MIT"
"package-json-from-dist","SPDXRef-Package-package-json-from-dist-1.0.1","1.0.1","https://registry.npmjs.org/package-json-from-dist/-/package-json-from-dist-1.0.1.tgz","BlueOak-1.0.0"
"partial-json","SPDXRef-Package-partial-json-0.1.7","0.1.7","https://registry.npmjs.org/partial-json/-/partial-json-0.1.7.tgz","MIT"
"path-expression-matcher","SPDXRef-Package-path-expression-matcher-1.2.0","1.2.0","https://registry.npmjs.org/path-expression-matcher/-/path-expression-matcher-1.2.0.tgz","MIT"
"path-scurry","SPDXRef-Package-path-scurry-1.11.1","1.11.1","https://registry.npmjs.org/path-scurry/-/path-scurry-1.11.1.tgz","BlueOak-1.0.0"
"pend","SPDXRef-Package-pend-1.2.0","1.2.0","https://registry.npmjs.org/pend/-/pend-1.2.0.tgz","MIT"
"pg-int8","SPDXRef-Package-pg-int8-1.0.1","1.0.1","https://registry.npmjs.org/pg-int8/-/pg-int8-1.0.1.tgz","ISC"
"pg-protocol","SPDXRef-Package-pg-protocol-1.13.0","1.13.0","https://registry.npmjs.org/pg-protocol/-/pg-protocol-1.13.0.tgz","MIT"
"pg-types","SPDXRef-Package-pg-types-2.2.0","2.2.0","https://registry.npmjs.org/pg-types/-/pg-types-2.2.0.tgz","MIT"
"pino","SPDXRef-Package-pino-10.3.1","10.3.1","https://registry.npmjs.org/pino/-/pino-10.3.1.tgz","MIT"
"pino-abstract-transport","SPDXRef-Package-pino-abstract-transport-3.0.0","3.0.0","https://registry.npmjs.org/pino-abstract-transport/-/pino-abstract-transport-3.0.0.tgz","MIT"
"pino-pretty","SPDXRef-Package-pino-pretty-13.1.3","13.1.3","https://registry.npmjs.org/pino-pretty/-/pino-pretty-13.1.3.tgz","MIT"
"pino-std-serializers","SPDXRef-Package-pino-std-serializers-7.1.0","7.1.0","https://registry.npmjs.org/pino-std-serializers/-/pino-std-serializers-7.1.0.tgz","MIT"
"postgres-array","SPDXRef-Package-postgres-array-2.0.0","2.0.0","https://registry.npmjs.org/postgres-array/-/postgres-array-2.0.0.tgz","MIT"
"postgres-bytea","SPDXRef-Package-postgres-bytea-1.0.1","1.0.1","https://registry.npmjs.org/postgres-bytea/-/postgres-bytea-1.0.1.tgz","MIT"
"postgres-date","SPDXRef-Package-postgres-date-1.0.7","1.0.7","https://registry.npmjs.org/postgres-date/-/postgres-date-1.0.7.tgz","MIT"
"postgres-interval","SPDXRef-Package-postgres-interval-1.2.0","1.2.0","https://registry.npmjs.org/postgres-interval/-/postgres-interval-1.2.0.tgz","MIT"
"process-nextick-args","SPDXRef-Package-process-nextick-args-2.0.1","2.0.1","https://registry.npmjs.org/process-nextick-args/-/process-nextick-args-2.0.1.tgz","MIT"
"process-warning","SPDXRef-Package-process-warning-5.0.0","5.0.0","https://registry.npmjs.org/process-warning/-/process-warning-5.0.0.tgz","MIT"
"proper-lockfile","SPDXRef-Package-proper-lockfile-4.1.2","4.1.2","https://registry.npmjs.org/proper-lockfile/-/proper-lockfile-4.1.2.tgz","MIT"
"protobufjs","SPDXRef-Package-protobufjs-7.5.4","7.5.4","https://registry.npmjs.org/protobufjs/-/protobufjs-7.5.4.tgz","BSD-3-Clause"
"proxy-from-env","SPDXRef-Package-proxy-from-env-1.1.0","1.1.0","https://registry.npmjs.org/proxy-from-env/-/proxy-from-env-1.1.0.tgz","MIT"
"pyodide","SPDXRef-Package-pyodide-0.28.2","0.28.2","https://registry.npmjs.org/pyodide/-/pyodide-0.28.2.tgz","MPL-2.0"
"quick-format-unescaped","SPDXRef-Package-quick-format-unescaped-4.0.4","4.0.4","https://registry.npmjs.org/quick-format-unescaped/-/quick-format-unescaped-4.0.4.tgz","MIT"
"readable-stream","SPDXRef-Package-readable-stream-2.3.8","2.3.8","https://registry.npmjs.org/readable-stream/-/readable-stream-2.3.8.tgz","MIT"
"readable-stream","SPDXRef-Package-readable-stream-4.7.0","4.7.0","https://registry.npmjs.org/readable-stream/-/readable-stream-4.7.0.tgz","MIT"
"readdir-glob","SPDXRef-Package-readdir-glob-1.1.3","1.1.3","https://registry.npmjs.org/readdir-glob/-/readdir-glob-1.1.3.tgz","Apache-2.0"
"real-require","SPDXRef-Package-real-require-0.2.0","0.2.0","https://registry.npmjs.org/real-require/-/real-require-0.2.0.tgz","MIT"
"require-directory","SPDXRef-Package-require-directory-2.1.1","2.1.1","https://registry.npmjs.org/require-directory/-/require-directory-2.1.1.tgz","MIT"
"require-in-the-middle","SPDXRef-Package-require-in-the-middle-7.5.2","7.5.2","https://registry.npmjs.org/require-in-the-middle/-/require-in-the-middle-7.5.2.tgz","MIT"
"retry","SPDXRef-Package-retry-0.12.0","0.12.0","https://registry.npmjs.org/retry/-/retry-0.12.0.tgz","MIT"
"safe-buffer","SPDXRef-Package-safe-buffer-5.1.2","5.1.2","https://registry.npmjs.org/safe-buffer/-/safe-buffer-5.1.2.tgz","MIT"
"safe-buffer","SPDXRef-Package-safe-buffer-5.2.1","5.2.1","https://registry.npmjs.org/safe-buffer/-/safe-buffer-5.2.1.tgz","MIT"
"safe-stable-stringify","SPDXRef-Package-safe-stable-stringify-2.5.0","2.5.0","https://registry.npmjs.org/safe-stable-stringify/-/safe-stable-stringify-2.5.0.tgz","MIT"
"secure-json-parse","SPDXRef-Package-secure-json-parse-4.1.0","4.1.0","https://registry.npmjs.org/secure-json-parse/-/secure-json-parse-4.1.0.tgz","BSD-3-Clause"
"signal-exit","SPDXRef-Package-signal-exit-3.0.7","3.0.7","https://registry.npmjs.org/signal-exit/-/signal-exit-3.0.7.tgz","ISC"
"signal-exit","SPDXRef-Package-signal-exit-4.1.0","4.1.0","https://registry.npmjs.org/signal-exit/-/signal-exit-4.1.0.tgz","ISC"
"sonic-boom","SPDXRef-Package-sonic-boom-4.2.1","4.2.1","https://registry.npmjs.org/sonic-boom/-/sonic-boom-4.2.1.tgz","MIT"
"split2","SPDXRef-Package-split2-4.2.0","4.2.0","https://registry.npmjs.org/split2/-/split2-4.2.0.tgz","ISC"
"streamx","SPDXRef-Package-streamx-2.25.0","2.25.0","https://registry.npmjs.org/streamx/-/streamx-2.25.0.tgz","MIT"
"string_decoder","SPDXRef-Package-string_decoder-1.1.1","1.1.1","https://registry.npmjs.org/string_decoder/-/string_decoder-1.1.1.tgz","MIT"
"string_decoder","SPDXRef-Package-string_decoder-1.3.0","1.3.0","https://registry.npmjs.org/string_decoder/-/string_decoder-1.3.0.tgz","MIT"
"string-width","SPDXRef-Package-string-width-4.2.3","4.2.3","https://registry.npmjs.org/string-width/-/string-width-4.2.3.tgz","MIT"
"string-width","SPDXRef-Package-string-width-5.1.2","5.1.2","https://registry.npmjs.org/string-width/-/string-width-5.1.2.tgz","MIT"
"strip-ansi","SPDXRef-Package-strip-ansi-6.0.1","6.0.1","https://registry.npmjs.org/strip-ansi/-/strip-ansi-6.0.1.tgz","MIT"
"strip-json-comments","SPDXRef-Package-strip-json-comments-5.0.3","5.0.3","https://registry.npmjs.org/strip-json-comments/-/strip-json-comments-5.0.3.tgz","MIT"
"strnum","SPDXRef-Package-strnum-2.2.2","2.2.2","https://registry.npmjs.org/strnum/-/strnum-2.2.2.tgz","MIT"
"tar-stream","SPDXRef-Package-tar-stream-3.1.8","3.1.8","https://registry.npmjs.org/tar-stream/-/tar-stream-3.1.8.tgz","MIT"
"teex","SPDXRef-Package-teex-1.0.1","1.0.1","https://registry.npmjs.org/teex/-/teex-1.0.1.tgz","MIT"
"text-decoder","SPDXRef-Package-text-decoder-1.2.7","1.2.7","https://registry.npmjs.org/text-decoder/-/text-decoder-1.2.7.tgz","Apache-2.0"
"thread-stream","SPDXRef-Package-thread-stream-4.0.0","4.0.0","https://registry.npmjs.org/thread-stream/-/thread-stream-4.0.0.tgz","MIT"
"tr46","SPDXRef-Package-tr46-0.0.3","0.0.3","https://registry.npmjs.org/tr46/-/tr46-0.0.3.tgz","MIT"
"tree-sitter","SPDXRef-Package-tree-sitter-0.22.4","0.22.4","https://registry.npmjs.org/tree-sitter/-/tree-sitter-0.22.4.tgz","MIT"
"tree-sitter-json","SPDXRef-Package-tree-sitter-json-0.24.8","0.24.8","https://registry.npmjs.org/tree-sitter-json/-/tree-sitter-json-0.24.8.tgz","MIT"
"ts-essentials","SPDXRef-Package-ts-essentials-10.1.1","10.1.1","https://registry.npmjs.org/ts-essentials/-/ts-essentials-10.1.1.tgz","MIT"
"util-deprecate","SPDXRef-Package-util-deprecate-1.0.2","1.0.2","https://registry.npmjs.org/util-deprecate/-/util-deprecate-1.0.2.tgz","MIT"
"uuid","SPDXRef-Package-uuid-9.0.1","9.0.1","https://registry.npmjs.org/uuid/-/uuid-9.0.1.tgz","MIT"
"vscode-jsonrpc","SPDXRef-Package-vscode-jsonrpc-8.2.0","8.2.0","https://registry.npmjs.org/vscode-jsonrpc/-/vscode-jsonrpc-8.2.0.tgz","MIT"
"vscode-languageserver","SPDXRef-Package-vscode-languageserver-9.0.1","9.0.1","https://registry.npmjs.org/vscode-languageserver/-/vscode-languageserver-9.0.1.tgz","MIT"
"vscode-languageserver-protocol","SPDXRef-Package-vscode-languageserver-protocol-3.17.5","3.17.5","https://registry.npmjs.org/vscode-languageserver-protocol/-/vscode-languageserver-protocol-3.17.5.tgz","MIT"
"vscode-languageserver-textdocument","SPDXRef-Package-vscode-languageserver-textdocument-1.0.12","1.0.12","https://registry.npmjs.org/vscode-languageserver-textdocument/-/vscode-languageserver-textdocument-1.0.12.tgz","MIT"
"vscode-languageserver-types","SPDXRef-Package-vscode-languageserver-types-3.17.5","3.17.5","https://registry.npmjs.org/vscode-languageserver-types/-/vscode-languageserver-types-3.17.5.tgz","MIT"
"vscode-uri","SPDXRef-Package-vscode-uri-3.1.0","3.1.0","https://registry.npmjs.org/vscode-uri/-/vscode-uri-3.1.0.tgz","MIT"
"weak-lru-cache","SPDXRef-Package-weak-lru-cache-1.2.2","1.2.2","https://registry.npmjs.org/weak-lru-cache/-/weak-lru-cache-1.2.2.tgz","MIT"
"webidl-conversions","SPDXRef-Package-webidl-conversions-3.0.1","3.0.1","https://registry.npmjs.org/webidl-conversions/-/webidl-conversions-3.0.1.tgz","BSD-2-Clause"
"whatwg-url","SPDXRef-Package-whatwg-url-5.0.0","5.0.0","https://registry.npmjs.org/whatwg-url/-/whatwg-url-5.0.0.tgz","MIT"
"wrap-ansi","SPDXRef-Package-wrap-ansi-7.0.0","7.0.0","https://registry.npmjs.org/wrap-ansi/-/wrap-ansi-7.0.0.tgz","MIT"
"wrap-ansi","SPDXRef-Package-wrap-ansi-8.1.0","8.1.0","https://registry.npmjs.org/wrap-ansi/-/wrap-ansi-8.1.0.tgz","MIT"
"xtend","SPDXRef-Package-xtend-4.0.2","4.0.2","https://registry.npmjs.org/xtend/-/xtend-4.0.2.tgz","MIT"
"yargs","SPDXRef-Package-yargs-17.7.2","17.7.2","https://registry.npmjs.org/yargs/-/yargs-17.7.2.tgz","MIT"
"yargs-parser","SPDXRef-Package-yargs-parser-21.1.1","21.1.1","https://registry.npmjs.org/yargs-parser/-/yargs-parser-21.1.1.tgz","ISC"
"yauzl","SPDXRef-Package-yauzl-3.2.1","3.2.1","https://registry.npmjs.org/yauzl/-/yauzl-3.2.1.tgz","MIT"
"zip-stream","SPDXRef-Package-zip-stream-6.0.1","6.0.1","https://registry.npmjs.org/zip-stream/-/zip-stream-6.0.1.tgz","MIT"
"zod","SPDXRef-Package-zod-4.3.6","4.3.6","https://registry.npmjs.org/zod/-/zod-4.3.6.tgz","MIT"